{
  "residual_p10": -0.007143446772890076,
  "residual_p90": 0.012182595586247015
}