{
  "residual_p10": -2.170050031494423,
  "residual_p90": 2.115732204524631
}