{
  "residual_p10": -0.20396643785948854,
  "residual_p90": 0.20512288085154395
}