{
  "residual_p10": -0.9322744181606243,
  "residual_p90": 0.9300373985757523
}