{
  "residual_p10": -3.2843091760618526,
  "residual_p90": 3.351798409266968
}